time,eke_ice,eke_acc,ck_ice,ck_acc,wm_ice,wm_acc,we_ice,we_acc
1993-01-01,0.002915069,0.007351815,-5.0264518242082445e-11,1.0231890890111117e-09,0.00028480219771154225,0.004030170850455761,1.893603075586725e-05,-1.413168774888618e-05
1993-02-01,0.0029494006,0.008172533,3.4523134351260865e-10,7.791578493510087e-10,0.0022292286157608032,0.004840479698032141,7.536271004937589e-05,-3.183623630320653e-05
1993-03-01,0.0029690785,0.0077783265,4.3822645512392455e-10,1.9410227591887264e-10,0.0017375282477587461,0.0044441851787269115,6.345372094074264e-05,1.9727611288544722e-05
1993-04-01,0.0032100356,0.0079802545,3.1671640310371174e-10,1.9719413602015123e-10,0.0027043025474995375,0.005337344016879797,0.00016055369633249938,0.00011597111006267369
1993-05-01,0.0032632586,0.0074142525,3.028443051888985e-10,2.712352287215225e-10,0.0022514278534799814,0.005263715982437134,0.0002110893838107586,2.9547294616349973e-05
1993-06-01,0.0036124394,0.007320786,3.38395811372294e-10,4.225546579306183e-10,0.00225327187217772,0.005194127559661865,9.883013262879103e-05,1.1929002539545763e-05
1993-07-01,0.0038801245,0.0065188054,4.284046728475488e-10,5.100559419268791e-10,0.0031065545044839382,0.006343004293739796,0.0001530694862594828,-9.279861842514947e-05
1993-08-01,0.0044884863,0.006874162,8.792958028358555e-10,-1.4615711418919375e-10,0.0023568777833133936,0.0058311037719249725,5.649467129842378e-05,-2.205103010055609e-05
1993-09-01,0.0048405924,0.007445851,7.206301666506931e-10,1.0352214641073942e-09,0.0039139254949986935,0.006262296810746193,3.326516525703482e-05,-0.00011081944103352726
1993-10-01,0.004760343,0.007779407,7.013234437636129e-10,7.53310636092408e-10,0.00318452762439847,0.006013274658471346,4.771738167619333e-05,-0.00016403105109930038
1993-11-01,0.0045561707,0.0076474384,4.426338462426571e-10,9.350329399637758e-10,0.002650157082825899,0.005438351072371006,9.670766303315759e-05,-0.0001670353813096881
1993-12-01,0.0032075238,0.00709053,3.9936562390430197e-10,6.968333687851214e-10,0.0020475476048886776,0.005716085899621248,3.131143967038952e-05,-5.459942985908128e-05
1994-01-01,0.0027556475,0.006594225,5.557470039718737e-10,5.471719188854252e-10,0.0019008370582014322,0.0046285600401461124,4.436335075297393e-05,-4.2038831452373415e-05
1994-02-01,0.00265699,0.0064018415,4.4728204473543087e-10,2.1028176422355216e-10,0.0029166664462536573,0.0055290041491389275,8.644579065730795e-05,-3.2300565635523526e-06
1994-03-01,0.0024602814,0.005770498,4.4213663286107874e-10,6.7479399845638e-10,0.0026214856188744307,0.004786924459040165,0.00011160328722326085,8.490382606396452e-05
1994-04-01,0.003207055,0.0073356717,8.682512486757332e-10,7.506244514843274e-10,0.002077792538329959,0.006209966726601124,0.00014423893298953772,0.00017779880727175623
1994-05-01,0.0033603853,0.00777765,3.2853475495642215e-10,4.262827868473096e-10,0.0008165569161064923,0.0036356202326714993,7.201903645182028e-05,0.00011697469017235562
1994-06-01,0.004075667,0.0075284885,5.401052383113836e-10,5.455163543111041e-10,0.00046810644562356174,0.003971754107624292,5.0500264478614554e-05,8.429667650489137e-05
1994-07-01,0.004643413,0.0069037243,4.285640176071581e-10,6.14105377660934e-10,0.0012851497158408165,0.006239710375666618,-1.0534648026805371e-05,0.00011149026249768212
1994-08-01,0.0053417734,0.0070264568,7.915654798296146e-10,6.270930441587552e-10,0.003513580420985818,0.0071843573823571205,0.00014990415365900844,-9.047532512340695e-05
1994-09-01,0.005233945,0.0071521,6.167248933763858e-10,6.071524949469165e-10,0.0020699964370578527,0.004313349723815918,4.912288568448275e-05,-1.1310423360555433e-05
1994-10-01,0.0053011077,0.007181204,1.0563527830242947e-09,3.5408018184135415e-10,0.0024565965868532658,0.005770198069512844,-3.48633220710326e-05,-9.412033978151157e-05
1994-11-01,0.0047547664,0.0077873073,6.559123799654287e-10,1.34746314106593e-09,0.0009671931620687246,0.004350009839981794,-4.299664851714624e-06,-0.00012189640256110579
1994-12-01,0.003805502,0.008055773,8.068594681276409e-10,9.368131825837622e-10,0.0014741785125806928,0.005108126439154148,3.726561044459231e-05,-7.182357512647286e-05
1995-01-01,0.0034549572,0.008229432,5.305991201964844e-10,8.459170586228026e-10,0.0026611045468598604,0.005227615591138601,4.9356935051037e-05,-0.00012699680519290268
1995-02-01,0.0032888679,0.008471948,4.0401240686271933e-10,1.2170442431624906e-09,0.0022767691407352686,0.004678638186305761,-1.168140624940861e-05,-2.384167237323709e-05
1995-03-01,0.0030641344,0.007989682,3.0880470403005233e-10,9.987068949612876e-10,0.0019104453967884183,0.005074487067759037,7.812643889337778e-05,2.7339918233337812e-05
1995-04-01,0.003242977,0.0074851834,1.4283478566579078e-10,1.1645807651561313e-09,0.0027057037223130465,0.004825116600841284,0.00010403217311250046,8.698860619915649e-05
1995-05-01,0.003544546,0.007174443,3.7446129530493977e-10,9.916057974734827e-10,0.0023739400785416365,0.005292530637234449,7.820300379535183e-05,9.337594383396208e-05
1995-06-01,0.0045024855,0.007457612,7.683886305009935e-10,6.005142494380777e-10,0.0009233644232153893,0.0034442131873220205,-7.154073955462081e-06,3.436572660575621e-05
1995-07-01,0.004788468,0.006841236,9.040345694266705e-10,1.7482462699724977e-10,0.0006681354716420174,0.0044582621194422245,9.094359847949818e-05,0.0001318532886216417
1995-08-01,0.0048943567,0.0067788092,7.217162423245327e-10,4.856698931909875e-10,0.0015458795242011547,0.0046648504212498665,4.9063703045248985e-05,6.787222810089588e-05
1995-09-01,0.0050065103,0.0072189234,3.2363434154802917e-10,9.225217256769724e-10,0.0029420533683151007,0.00605232547968626,-0.0001422048662789166,-5.689536192221567e-05
1995-10-01,0.0047593936,0.007509874,3.5793909503034627e-10,5.108039546897203e-10,0.0026421453803777695,0.004156758077442646,-0.00013571753515861928,-9.878653509076685e-05
1995-11-01,0.004254589,0.007080016,5.579679496214851e-10,5.682381232219313e-10,0.003151428187265992,0.0054833306930959225,-4.578335938276723e-05,-0.00015802124107722193
1995-12-01,0.0033603604,0.0066561825,2.692344680532699e-10,8.618642466373672e-10,0.0028660602401942015,0.004148602019995451,1.952003367478028e-05,-0.00010163254773942754
1996-01-01,0.0028167316,0.0067199906,3.451014196631519e-10,3.4124955639036614e-10,0.0022436538711190224,0.004197289235889912,-4.162900950177573e-05,-6.042878158041276e-05
1996-02-01,0.0029987774,0.0076503726,2.3904334067736954e-10,8.180590649331521e-10,0.0015039652353152633,0.0036462415009737015,-6.825290620326996e-05,-7.757256753393449e-06
1996-03-01,0.002796104,0.0073056216,3.1543084810792266e-10,2.007738940379422e-11,0.0024271646980196238,0.0044831098057329655,-4.021538552478887e-05,9.011941438075155e-05
1996-04-01,0.003082566,0.0076508652,6.6744110238659e-10,1.0572143160914038e-09,0.0022493847645819187,0.00481525668874383,-4.312361397751374e-06,0.00011261342297075316
1996-05-01,0.0034115955,0.0074767075,7.048995276370817e-10,8.879127433303324e-10,0.0023953665513545275,0.005621051881462336,0.0001349047670373693,0.00023240137670654804
1996-06-01,0.00366489,0.0077685867,4.4589537617767405e-10,1.0920370163702842e-10,0.001984634669497609,0.004117167554795742,1.7773018043953925e-05,1.7592272342881188e-05
1996-07-01,0.004174661,0.007085203,6.442345545920602e-10,1.2530722293124796e-10,0.002624128246679902,0.004490349441766739,5.570787106989883e-05,-8.667292422614992e-05
1996-08-01,0.0047650062,0.0068837265,8.662707773332556e-10,4.6117634711073663e-10,0.0014532952336594462,0.004417674615979195,-9.417011824552901e-06,-3.300273237982765e-05
1996-09-01,0.004969713,0.0072471565,4.2151052093153396e-10,3.2399322114073925e-10,0.0016348639037460089,0.0030416471417993307,-7.737323176115751e-05,-2.6846757464227267e-05
1996-10-01,0.004669507,0.0073462026,3.4840172413730386e-10,5.647818879239708e-10,0.003859990742057562,0.005989489611238241,-3.7781290302518755e-05,-0.00011561313294805586
1996-11-01,0.0044645495,0.007638457,6.18892492809664e-10,5.499312671908285e-10,0.0015683079836890101,0.003531131660565734,-2.4483430024702102e-05,-4.7353296395158395e-05
1996-12-01,0.003206899,0.0075730463,3.567659778713761e-10,5.970230976259927e-10,0.0019364592153578997,0.00429609976708889,-4.690154310083017e-05,-8.489735773764551e-05
1997-01-01,0.0029943818,0.0075080595,3.34627658915565e-10,9.699918646077776e-10,0.0015224942471832037,0.004890402778983116,1.4046471733308863e-05,8.684982276463415e-06
1997-02-01,0.00306982,0.0077331807,4.601569125739502e-11,3.599122389008613e-10,0.001990618882700801,0.004470559768378735,5.040823089075275e-05,-4.3514057324500754e-05
1997-03-01,0.002745086,0.00723233,4.38309250005986e-11,3.4241351420938315e-10,0.003057459369301796,0.005106193013489246,0.00014277406444307417,2.0927834611939033e-06
1997-04-01,0.0031241556,0.0072879004,4.796549268881733e-10,5.25511134608081e-10,0.0022815102711319923,0.004451526328921318,0.00011057803931180388,2.244744791823905e-05
1997-05-01,0.0032807584,0.006799232,2.584836233943122e-10,7.091897624711407e-10,0.0031373342499136925,0.005112683866173029,0.00011005641863448545,3.4682783734751865e-05
1997-06-01,0.0037540176,0.0070477272,7.912859811831652e-10,1.0550702533862477e-09,0.001479534199461341,0.004721011966466904,-1.141037773777498e-05,5.5665870604570955e-05
1997-07-01,0.004508244,0.006921898,2.1997312305011008e-10,5.313421369557148e-10,0.00214419630356133,0.006914643570780754,8.180582517525181e-05,0.00012104075722163543
1997-08-01,0.0047627385,0.0069836783,5.788243218063371e-10,2.1669080418895703e-10,0.003295387839898467,0.005186556372791529,0.00022799124417360872,-0.00010324970207875594
1997-09-01,0.005106693,0.007828341,4.972630640587283e-10,1.1995330284619854e-09,0.0032413217704743147,0.005353666841983795,-3.073895277339034e-05,-6.668426067335531e-05
1997-10-01,0.004664187,0.007121379,5.039577644083693e-10,7.32785998547314e-10,0.0020510933827608824,0.006319038104265928,4.0094681025948375e-05,-0.0001063693780452013
1997-11-01,0.004150965,0.007276127,5.175456174733029e-10,8.530381956362021e-10,0.0009634800953790545,0.0036866760347038507,-1.4017656212672591e-05,-0.0001296725677093491
1997-12-01,0.003313715,0.00707459,3.5414837729064175e-10,6.037860211804968e-10,0.0008048657327890396,0.004971344489604235,-9.226950169249903e-06,-9.511208190815523e-05
1998-01-01,0.0029255708,0.0072222357,2.8659574713429947e-10,1.439483754417381e-09,0.0018018416594713926,0.006004868540912867,1.9905983208445832e-05,-7.649150211364031e-05
1998-02-01,0.0028338488,0.007265023,2.7057733831270525e-10,2.496612916402796e-10,0.0024468903429806232,0.005918767768889666,4.64802396891173e-05,5.287569365464151e-05
1998-03-01,0.0027214878,0.007593986,5.205093023263885e-10,5.424876103887755e-10,0.002424959558993578,0.005608930718153715,6.71416855766438e-05,5.6947319535538554e-05
1998-04-01,0.0030670208,0.007564186,3.8925623835339707e-10,2.391560005587934e-10,0.0041001178324222565,0.005612356122583151,0.000193761705304496,0.00012520675954874605
1998-05-01,0.0036597184,0.0074011046,6.296830834529032e-10,7.423536230177774e-10,0.001684960094280541,0.003620653646066785,5.051038533565588e-05,6.073342228773981e-05
1998-06-01,0.004096426,0.007221481,5.936647839988041e-10,4.4064665111198664e-11,0.0028705880977213383,0.005650917999446392,3.055613342439756e-05,6.0306661907816306e-05
1998-07-01,0.0043812105,0.0068489844,5.701796812473958e-10,5.849483120101695e-10,0.0032243409659713507,0.006595930550247431,9.369345207232982e-05,3.220288363081636e-06
1998-08-01,0.004639633,0.006852705,6.730156987266867e-10,3.2403671412772894e-10,0.0037592726293951273,0.006077144760638475,1.989369047805667e-05,3.144750735373236e-05
1998-09-01,0.0053763217,0.007138022,8.895256753405079e-10,4.251205221184051e-10,0.002651264425367117,0.00629368657246232,-6.417252006940544e-05,8.207812243199442e-06
1998-10-01,0.0051137703,0.007739695,1.1750962425338685e-09,6.7547883952912e-10,0.0021532317623496056,0.005438833963125944,-0.00013092269364278764,-3.994510188931599e-05
1998-11-01,0.0043237857,0.008071962,5.19006060351046e-10,6.331106749968285e-10,0.003596537047997117,0.005891133565455675,-9.79332035058178e-05,-1.800808786356356e-05
1998-12-01,0.0032824327,0.007871416,4.6529843866771614e-10,6.01128813393359e-10,0.0023894107434898615,0.00490756006911397,9.832806426857132e-06,-4.337107384344563e-05
1999-01-01,0.0027935605,0.007736251,8.389724331925308e-11,4.376435047692695e-10,0.002628560410812497,0.005388708785176277,2.4526219931431115e-05,4.429605178302154e-05
1999-02-01,0.0026513059,0.00902514,1.312484426696514e-10,-9.62008694926908e-10,0.002288998570293188,0.005209696013480425,5.9585519920801744e-05,0.00011300006735837087
1999-03-01,0.0025552188,0.008365941,5.138784398006635e-10,8.991190569851426e-10,0.0029201756697148085,0.005039895884692669,7.240295235533267e-05,0.00014972579083405435
1999-04-01,0.002846469,0.007933158,3.913080415252068e-10,1.1394539756182098e-09,0.0032742011826485395,0.006526278331875801,0.00012549789971671999,0.00020725844660773873
1999-05-01,0.0032690146,0.007340874,2.76693501444214e-10,5.836912064793864e-10,0.0031899462919682264,0.0048167407512664795,0.0002331494470126927,0.000115257287689019
1999-06-01,0.0038919747,0.0074675716,4.669692965642014e-10,2.66509675439508e-10,0.0009349914034828544,0.004598537459969521,9.768171730684116e-05,0.00017127323371823877
1999-07-01,0.0040674787,0.0069739986,3.221278521703397e-10,4.366209616080141e-10,0.0023165051825344563,0.005511879455298185,0.00010160893725696951,2.5771843866095878e-05
1999-08-01,0.0047090487,0.0071318643,8.357624592392199e-10,6.475124325611148e-10,0.0025985571555793285,0.00503138080239296,-4.6095916331978515e-05,3.095844658673741e-05
1999-09-01,0.005212868,0.0071728583,9.643625897837182e-10,7.042192384787427e-10,0.0022765554022043943,0.005562161561101675,-6.226896221050993e-05,5.103295552544296e-05
1999-10-01,0.0052516162,0.007227465,4.761981919898517e-10,7.431262272206141e-10,0.004139087628573179,0.006801873445510864,0.00012490726658143103,1.577277907927055e-05
1999-11-01,0.004885134,0.0076624295,5.561672788978456e-10,7.362415677114598e-10,0.003572113811969757,0.005200185813009739,5.8333753258921206e-05,4.732799425255507e-06
1999-12-01,0.0034804866,0.007930736,3.3930958043271175e-10,7.620555853016242e-10,0.003182466607540846,0.0051506017334759235,9.526949725113809e-05,3.334888970130123e-05
2000-01-01,0.0031037924,0.0083968835,3.6411940129710274e-10,-5.676082520666981e-11,0.003011744236573577,0.004326550289988518,2.7417318051448092e-05,6.700450467178598e-05
2000-02-01,0.0029206818,0.008953765,4.6203663117694305e-10,-3.9374514759771273e-10,0.0024816382210701704,0.005718276370316744,3.3892014471348375e-05,0.00017320636834483594
2000-03-01,0.0031074584,0.008300916,7.497655829524774e-10,4.332541825302627e-10,0.002189318183809519,0.005969336722046137,5.283256177790463e-05,0.00032677684794180095
2000-04-01,0.0032831207,0.008192484,8.406099705204895e-10,1.1291070300956108e-09,0.0029101192485541105,0.004962361883372068,9.724419214762747e-05,0.0002136978873750195
2000-05-01,0.0040071933,0.008543477,8.029937825781985e-10,1.7013120912068302e-09,0.0027204190846532583,0.0049377488903701305,0.0001413189311278984,0.0002863129193428904
2000-06-01,0.004267827,0.0083807185,1.3909239315879063e-09,1.0662242200254468e-09,0.0016583839897066355,0.00470279436558485,6.921036856510909e-06,0.00010458253382239491
2000-07-01,0.004296817,0.007999183,4.335594383508834e-10,7.959315984074067e-10,0.001684673479758203,0.005119223613291979,0.00011308165267109871,6.75414121360518e-05
2000-08-01,0.0051105535,0.00771493,2.536392762486628e-10,5.504507960552019e-10,0.002016959711909294,0.004625542555004358,-6.95807029842399e-05,2.06097884074552e-05
2000-09-01,0.0055434685,0.007858914,4.5367248846517327e-10,2.391828957115649e-10,0.0008229935774579644,0.005109898280352354,-2.430867971270345e-05,-5.336233880370855e-05
2000-10-01,0.005000219,0.007341589,6.40112518546232e-10,4.1475603507201697e-10,0.0025191493332386017,0.005051391664892435,-9.246428817277774e-05,-3.5574375942815095e-05
2000-11-01,0.0048097465,0.007737138,1.007465333380253e-09,5.271847403065522e-10,0.0014780516503378749,0.004481757991015911,-5.933262946200557e-05,-3.086873039137572e-05
2000-12-01,0.003753446,0.008674775,5.477276965315525e-10,1.2016078132504049e-09,0.0005380825605243444,0.005009325686842203,4.1284314647782594e-05,4.4626933231484145e-05
2001-01-01,0.0035201341,0.008270863,2.6431509758673144e-10,7.738107932198091e-10,0.0009984425269067287,0.0048511638306081295,-4.723216989077628e-06,0.0001123338588513434
2001-02-01,0.0031613472,0.00861271,3.849930096944121e-10,5.839083661030031e-10,0.0015706551494076848,0.0047886427491903305,2.5935121811926365e-05,0.00018170323164667934
2001-03-01,0.0032316232,0.0084995115,4.841947953693193e-10,-1.279418515576225e-10,0.00229847664013505,0.004687124397605658,7.304690370801836e-05,0.00014579956769011915
2001-04-01,0.0032591713,0.008873792,3.370675683012081e-10,5.060843411008875e-10,0.0026035099290311337,0.005223216023296118,8.58864004840143e-05,0.0002171282103518024
2001-05-01,0.0036090005,0.0085904505,4.77211714589032e-10,1.4842658213609639e-09,0.0018309431616216898,0.004516757559031248,8.874460036167875e-05,0.0001249043270945549
2001-06-01,0.004015349,0.008637898,3.084816291298864e-10,6.133372143501958e-10,0.001998689491301775,0.004458508919924498,4.76115892524831e-05,5.0683458539424464e-05
2001-07-01,0.004562282,0.00821959,4.588441848696334e-10,4.202589387602984e-10,0.0018460663268342614,0.00561099499464035,2.8293061404838227e-06,0.00012211603461764753
2001-08-01,0.0050336746,0.008565149,1.063013010949021e-09,1.1804263122527914e-09,0.0032176112290471792,0.0059588211588561535,4.553865437628701e-05,3.2669959182385355e-05
2001-09-01,0.005296966,0.00893013,7.880066599241786e-10,1.3789831498911553e-09,0.003511023009195924,0.006131709087640047,9.812753705773503e-05,7.975152402650565e-05
2001-10-01,0.005092811,0.0086517,7.120314893249713e-10,1.8767511850148466e-11,0.004283873829990625,0.004872952587902546,0.00011702052142936736,1.8261229342897423e-05
2001-11-01,0.0048281583,0.008665905,3.6169903183669305e-10,2.47232539996034e-10,0.003417453495785594,0.004640328697860241,5.6666340242372826e-05,7.698767149122432e-05
2001-12-01,0.0035983808,0.008254901,2.5170934780938126e-10,-1.912900393641337e-10,0.0025569123681634665,0.0030889464542269707,-2.9956096113892272e-05,1.0611022844386753e-05
2002-01-01,0.0033115714,0.009076568,5.398504421272321e-10,1.4617707044806139e-09,0.002267727628350258,0.0038613048382103443,-1.4435567209147848e-05,7.033110887277871e-05
2002-02-01,0.003403584,0.008969458,2.836158252694787e-10,5.14801756779093e-10,0.0030572835821658373,0.004324912093579769,7.505436951760203e-05,8.712014823686332e-05
2002-03-01,0.0031935612,0.007964863,3.782415769482128e-10,6.491090442928282e-10,0.0010470054112374783,0.004406897816807032,-1.6371355741284788e-05,0.00013631503679789603
2002-04-01,0.0034112858,0.00805197,4.760995486741137e-10,8.176549437521885e-10,0.002871014876291156,0.00443654228001833,8.984539454104379e-05,6.299804954323918e-05
2002-05-01,0.0038541632,0.0077415286,6.036813271492747e-10,-9.071113998837532e-11,0.0010731216752901673,0.004254591651260853,1.0822015610756353e-05,7.016213930910453e-05
2002-06-01,0.00405536,0.007403189,5.522835522242531e-10,2.2880010386305827e-10,0.0012785589788109064,0.004794577602297068,1.332806368736783e-05,8.833908941596746e-05
2002-07-01,0.004844713,0.007637998,4.503229455998792e-10,1.8019920278167234e-10,0.0011274884454905987,0.0051730964332818985,7.862409256631508e-05,7.682183786528185e-05
2002-08-01,0.005271599,0.007613186,8.317520006073664e-10,-1.4274114008838712e-11,0.0016417818842455745,0.0051763239316642284,1.4063748494663741e-05,6.662264058832079e-05
2002-09-01,0.0053917756,0.007832201,7.008149061071833e-10,7.377776167771799e-10,0.0009806243469938636,0.005239493679255247,-9.138199675362557e-05,-5.598654388450086e-05
2002-10-01,0.0056454334,0.007706105,2.7382332512537744e-10,3.71523256603723e-10,0.000629409565590322,0.004015205893665552,-1.2587719538714737e-05,1.3477406355377752e-05
2002-11-01,0.0049652164,0.008271715,6.407115393791685e-10,6.114365125320376e-10,0.001237531891092658,0.005200022831559181,8.050068572629243e-06,-5.898180097574368e-05
2002-12-01,0.004137671,0.009191807,7.346582231448906e-10,7.006461522074403e-10,0.002267679898068309,0.0045797014608979225,4.810511745745316e-05,-6.976733857300133e-05
2003-01-01,0.00344201,0.008767605,4.146730181453506e-10,4.4880107963329863e-10,0.000813360558822751,0.00541000347584486,-1.8413574025544222e-06,8.380269719054922e-05
2003-02-01,0.003555594,0.008783261,4.479945858726353e-10,1.1792553600287192e-09,0.00237397663295269,0.004689980763942003,-2.1637993995682336e-05,5.717694875784218e-05
2003-03-01,0.0032978663,0.008076716,2.0705692715949908e-10,5.314241061094016e-11,0.0023162453435361385,0.004899108782410622,0.00011542606807779521,1.2773284652212169e-05
2003-04-01,0.003449713,0.00824329,3.5093572492428393e-10,5.024023974620206e-10,0.0032419946510344744,0.00442606071010232,0.0002009447489399463,3.240945443394594e-05
2003-05-01,0.0037838216,0.008067382,4.654116259050767e-10,4.301647649196383e-10,0.0027225902304053307,0.005287480540573597,0.00018908090714830905,0.000110526081698481
2003-06-01,0.004500742,0.0077580223,4.384153318159889e-10,4.3519729486796166e-10,0.0013237500097602606,0.00336081744171679,0.00010660271800588816,7.92880091466941e-05
2003-07-01,0.004766916,0.008116093,6.283783493543638e-10,4.82811846058695e-10,0.0029301773756742477,0.0053282068111002445,0.00013032639981247485,8.947719470597804e-05
2003-08-01,0.00505792,0.008116834,6.581098999092205e-10,4.2566561386792046e-10,0.003181791165843606,0.004948590882122517,0.00023725064238533378,-9.819032857194543e-05
2003-09-01,0.0052170563,0.008084681,1.0058129884527034e-09,7.286260483851947e-10,0.0019519401248544455,0.004345184192061424,5.980672358418815e-05,-0.0001021384887280874
2003-10-01,0.005149537,0.008041259,1.343351541116533e-09,5.139919045937802e-10,0.0022677660454064608,0.0038886412512511015,4.168347004451789e-05,-0.0001147704606410116
2003-11-01,0.00474742,0.00804378,9.226262531747409e-10,2.7198843871589773e-11,0.0018303691176697612,0.005109567195177078,-2.085226878989488e-05,-9.702891838969663e-05
2003-12-01,0.0037833082,0.007874183,3.6259478752853624e-10,3.5396691133726677e-10,0.000559802632778883,0.004422525875270367,1.901390169223305e-05,-2.688431050046347e-05
2004-01-01,0.0030915653,0.0089665875,4.4168110835407504e-10,5.906529154664497e-10,0.0023638159036636353,0.004283503163605928,4.4189957407070324e-05,-2.6607778636389412e-05
2004-02-01,0.003204517,0.008949008,5.135784575394098e-10,6.811843866749712e-10,0.0011563771404325962,0.004720055963844061,-1.0228458450001199e-05,8.77436832524836e-05
2004-03-01,0.0030439196,0.009342003,3.4437550033850073e-10,2.084544342695338e-11,0.0020798034965991974,0.005224466789513826,0.00010817319707712159,8.577594417147338e-05
2004-04-01,0.0033888738,0.009003916,2.8292843068378204e-10,9.575702453190615e-10,0.002128161955624819,0.005601437296718359,-1.7052527255145833e-05,0.00024278642376884818
2004-05-01,0.0037440371,0.008265522,5.278238957018289e-10,1.1551529732756194e-09,0.002564353169873357,0.0057488856837153435,5.0025570089928806e-05,0.00021812214981764555
2004-06-01,0.0041901553,0.008408313,-1.3407059316905556e-11,5.612111886321713e-10,0.0014909181045368314,0.005553544498980045,-7.027666924841469e-06,0.00012521028111223131
2004-07-01,0.0049024113,0.0078021963,5.505256250870616e-10,8.350916624877414e-10,0.002825359348207712,0.005827467888593674,9.791688171389978e-06,6.082671461626887e-05
2004-08-01,0.004981563,0.008164656,8.946735019499386e-10,7.578645488948155e-10,0.002378277713432908,0.004194534849375486,0.00011727075616363436,4.912569420412183e-05
2004-09-01,0.0055196504,0.008904685,1.142098082773657e-09,1.184166542600451e-09,0.002664867090061307,0.00545111671090126,-6.00230778218247e-05,-4.9608719564275816e-05
2004-10-01,0.005355125,0.007996319,6.462483881364278e-10,7.227715821678249e-12,0.0023687868379056454,0.004844820126891136,-0.00011234149860683829,-9.60579709499143e-05
2004-11-01,0.0046122195,0.008343271,3.6562078364887896e-10,4.551762300408768e-10,0.0022365874610841274,0.00426023593172431,1.3998627764522098e-05,-4.681205973611213e-05
2004-12-01,0.0038106057,0.007948663,3.0183675003847554e-10,8.311664134730279e-10,0.0007636359659954906,0.00524426344782114,-5.546017746382859e-06,6.911764648975804e-05
2005-01-01,0.0032997846,0.007933065,7.585561345724301e-11,3.716353058624833e-10,0.0014316359302029014,0.004766396246850491,4.941474344377639e-06,3.735006976057775e-05
2005-02-01,0.0031184612,0.008466502,5.315902718017185e-10,8.613956770098241e-10,0.003173979464918375,0.005399819929152727,-1.1572573384910356e-05,5.395365224103443e-05
2005-03-01,0.0031702477,0.008006652,2.7116192624632163e-10,5.040411421575186e-10,0.0027387544978410006,0.003869595704600215,0.00010898312757490203,2.1054747776361182e-05
2005-04-01,0.0034123983,0.007945849,5.800612767892233e-10,3.167425766115173e-10,0.002940058708190918,0.005650858860462904,8.689318929100409e-05,0.00013891754497308284
2005-05-01,0.003764067,0.00834557,6.941999197707105e-10,1.4839977025005169e-09,0.0015058672288432717,0.004060984589159489,4.212806743453257e-05,0.00010320121509721503
2005-06-01,0.0042586448,0.008361596,2.1505830449797259e-10,1.0258387472816821e-09,0.0010204975260421634,0.003981368616223335,3.4477588997106068e-06,6.311093602562323e-05
2005-07-01,0.0045516533,0.0076840827,3.902044798387294e-10,6.638226079935805e-10,0.001324680633842945,0.0051102708093822,-4.116424315725453e-05,2.473474887665361e-05
2005-08-01,0.004842491,0.0075557623,8.298313702859161e-10,3.4649244584628036e-10,0.002485227305442095,0.004362545907497406,5.673310806741938e-05,4.0856630221242085e-06
2005-09-01,0.0052814325,0.0079926355,9.39284316991973e-10,6.423472864724999e-10,0.0020400159992277622,0.006069378927350044,-9.412564395461231e-05,-7.913762601674534e-06
2005-10-01,0.0051578064,0.008142849,9.974903125709034e-10,1.5084166138379373e-09,0.002789325313642621,0.004169026389718056,-7.882127829361707e-05,-0.00010859848407562822
2005-11-01,0.004792645,0.008233609,8.693888942090666e-10,7.584110423008994e-11,0.0012752560433000326,0.005358838476240635,1.1576047654671129e-05,-9.543323540128767e-05
2005-12-01,0.0036698116,0.007923312,7.489964759521683e-10,1.1310460901192698e-10,0.0007816014694981277,0.004075041972100735,2.9310842364793643e-05,-1.4553414985130075e-05
2006-01-01,0.0031388958,0.007866281,4.2498859986750404e-10,1.0386197457634694e-09,0.0014629520010203123,0.005074302200227976,3.9006899896776304e-05,1.5516069424847956e-06
2006-02-01,0.0031135376,0.008809056,7.445254412985491e-10,-2.4173699500473766e-11,0.0018467775080353022,0.005413604900240898,4.925766188534908e-05,7.334772089961916e-05
2006-03-01,0.0028930134,0.00843666,3.7081279713468973e-10,6.174959987781392e-10,0.0030566882342100143,0.005492478609085083,0.00016030723054427654,6.358109385473654e-05
2006-04-01,0.0031135683,0.008364386,3.200180953566445e-10,8.634765125137278e-10,0.0015317500801756978,0.004881639964878559,0.00010712671792134643,0.00014672947872895747
2006-05-01,0.003195849,0.008157955,4.292320388010751e-10,1.5344826520546917e-09,0.003483215346932411,0.00449851481243968,0.00025418621953576803,5.9419860917842016e-05
2006-06-01,0.0040925248,0.008139311,6.68691213512318e-10,9.155416424988516e-10,0.0018940756563097239,0.005855842027813196,0.00012391700875014067,0.00020259720622561872
2006-07-01,0.0046181283,0.007765564,4.047087109881886e-10,5.025729277186031e-10,0.0022986175026744604,0.006076219025999308,0.00013669762120116502,0.00026157297543250024
2006-08-01,0.0049315863,0.007709889,2.2469343052833324e-10,-1.530260987370191e-11,0.001198231359012425,0.004151286091655493,2.6607072868500836e-05,9.58824239205569e-05
2006-09-01,0.0050674933,0.0074126655,5.261132085543352e-10,3.561174410915413e-10,0.0018938366556540132,0.006658241618424654,-4.340822488302365e-05,0.00013922079233452678
2006-10-01,0.005218848,0.008447318,4.6177003887315493e-10,5.730503849221691e-10,0.0022619683295488358,0.005862793885171413,-2.8137788831372745e-05,-2.6882989914156497e-05
2006-11-01,0.0046542813,0.008614512,5.779145495488081e-10,6.36928398911607e-10,0.002647209446877241,0.0050921570509672165,-5.3347564971772954e-05,1.930739381350577e-05
2006-12-01,0.0037189464,0.009015707,7.357434661514617e-10,7.849286220995566e-10,0.0017327064415439963,0.0046693370677530766,-4.927343070448842e-06,1.982555113499984e-05
2007-01-01,0.0032321173,0.009154102,3.3785652053808235e-10,8.013841257259458e-10,0.0015592382987961173,0.005092004779726267,1.4105328773439396e-05,5.213328040554188e-05
2007-02-01,0.0031723035,0.008770993,6.04478578303258e-10,8.200812806613555e-10,0.002581755630671978,0.004595315549522638,4.7252513468265533e-05,5.318377588992007e-05
2007-03-01,0.0033098755,0.00828546,1.871052757174141e-10,5.624771759471514e-10,0.001628064434044063,0.004762838128954172,4.3935160647379234e-05,9.13671319722198e-05
2007-04-01,0.0032765432,0.0076941773,2.680072830330005e-10,6.90554557980505e-10,0.0017981280107051134,0.005576841998845339,2.7457692340249196e-05,0.0002445535210426897
2007-05-01,0.0032165132,0.0072826706,2.626603656796789e-10,6.616930336988958e-10,0.001735461293719709,0.005858630873262882,7.293263479368761e-05,0.00015663863450754434
2007-06-01,0.0039972304,0.0076591605,2.94995361471706e-10,4.0944761470207425e-10,0.0015338441589847207,0.0035789976827800274,0.00010763396858237684,3.656483386293985e-05
2007-07-01,0.0044417656,0.0072094635,3.942715043336875e-10,2.795140230382742e-10,0.0007810993702150881,0.005151753779500723,4.374868149170652e-05,0.00010917821782641113
2007-08-01,0.004929146,0.006835355,8.11601730266176e-10,4.740733916541728e-10,0.002213074127212167,0.004813301842659712,7.915558057902672e-07,1.6537425835849717e-05
2007-09-01,0.0052185482,0.0073815505,6.693982590455505e-10,-8.7716743590871e-12,0.0026448513381183147,0.00666391896083951,-4.28016901423689e-05,7.71743361838162e-05
2007-10-01,0.0053833053,0.008226129,6.581992728627029e-10,-2.787142738824855e-10,0.00154491001740098,0.0055007035844028,-3.435519465710968e-05,1.4138623782855575e-06
2007-11-01,0.004806589,0.008395425,8.232076686987e-10,1.293043672134786e-09,0.0018430656054988503,0.0061325132846832275,-4.125541454413906e-05,4.866611197940074e-05
2007-12-01,0.0038689899,0.008469426,5.92734861193378e-10,3.1563490709984876e-10,0.00277578248642385,0.004896010272204876,1.5017954865470529e-05,-7.44732387829572e-05
2008-01-01,0.0031029088,0.008211833,3.889749633501083e-10,5.816701009742076e-10,0.0019223624840378761,0.005836469121277332,1.8605082004796714e-05,3.617085167206824e-05
2008-02-01,0.0031041782,0.0088066235,4.802702679995718e-10,1.1440078884206173e-09,0.0026121109258383512,0.00472967280074954,8.964500011643395e-05,8.151449583237991e-05
2008-03-01,0.0029183398,0.009027488,6.057738755060882e-10,1.274403582662842e-09,0.002653311938047409,0.005719623528420925,6.535066495416686e-05,0.0002047087618848309
2008-04-01,0.003293077,0.008809478,5.140307623996421e-10,1.0896827884465665e-09,0.002225730801001191,0.004065860062837601,-6.759340067219455e-06,0.00017581621068529785
2008-05-01,0.0034104513,0.007631583,4.5322365305189294e-10,3.6435401917778165e-10,0.0019606335554271936,0.003484198357909918,-1.5260031432262622e-05,0.0001195004369947128
2008-06-01,0.0043399637,0.008005294,7.735583285040093e-10,3.970496986749339e-10,0.002368357963860035,0.005602939520031214,4.941537554259412e-05,0.00022268052271101624
2008-07-01,0.004372792,0.0077167093,8.595231193453401e-10,4.240872653049621e-10,0.002089596353471279,0.0034885385539382696,-2.109145134454593e-05,0.00010469701373949647
2008-08-01,0.004628962,0.007494638,8.904296189271577e-10,1.6690618331871576e-10,0.0018175874138250947,0.003989451564848423,6.987302913330495e-05,2.1088584617245942e-05
2008-09-01,0.0046126484,0.00838571,2.0291567037755698e-10,-2.5719704144222533e-10,0.003564175684005022,0.0061090243980288506,8.386457193410024e-05,-6.0959944676142186e-05
2008-10-01,0.0047639655,0.008776749,7.326972917276464e-10,9.89208381874107e-10,0.0033915091771632433,0.006844840478152037,1.6252048226306215e-05,3.855468821711838e-05
2008-11-01,0.0045919684,0.008926249,4.4185996528334215e-10,7.691416392674455e-10,0.002980173332616687,0.005219636019319296,8.138840348692611e-05,5.131232683197595e-05
2008-12-01,0.0036858,0.00823168,2.9563743120242236e-10,2.884971150862725e-10,0.0025275598745793104,0.004234823398292065,-5.288898682920262e-05,2.258635504404083e-05
2009-01-01,0.0029132618,0.0077715786,5.088121590723915e-10,4.0316447402766187e-10,0.002146654762327671,0.0046065934002399445,4.553626058623195e-05,5.122927905176766e-05
2009-02-01,0.0031830987,0.008579747,2.329899051467521e-10,1.1513863196199736e-09,0.0019122344674542546,0.00518870260566473,5.0631395424716175e-05,0.00011231607641093433
2009-03-01,0.0031851954,0.008885175,5.534200875345618e-10,5.004458514257237e-10,0.00215590326115489,0.005165554583072662,6.716280768159777e-05,0.0002055826917057857
2009-04-01,0.0035159895,0.009125761,4.213761839455543e-10,6.413509168190501e-10,0.0017777938628569245,0.005325681064277887,9.982461051549762e-05,0.00025132487644441426
2009-05-01,0.0040010787,0.009107586,4.870758241182216e-10,1.5546435250257673e-09,0.002017197897657752,0.0039311242289841175,0.00010088236740557477,0.00016676470113452524
2009-06-01,0.0046035363,0.008525278,7.582517391746535e-10,2.0449417159618122e-10,0.0018643862567842007,0.0036424642894417048,7.585516141261905e-05,6.931887764949352e-05
2009-07-01,0.005008825,0.008084198,7.367773613431439e-10,7.854046302213646e-10,0.000942902232054621,0.004574934486299753,-2.4627524908282794e-05,0.00010806643695104867
2009-08-01,0.005443733,0.007891003,6.61616761377104e-10,1.503962843152351e-09,0.0012102663749828935,0.004502905998378992,-3.1852421670919284e-05,6.126084917923436e-05
2009-09-01,0.0057123504,0.008275032,5.176437611886797e-10,5.762684773813476e-10,0.002199039561673999,0.00528664980083704,-7.352619286393747e-05,6.755908543709666e-05
2009-10-01,0.0057348963,0.008462729,1.1318407322491453e-09,7.05524416666492e-10,0.00341655476950109,0.004880535416305065,1.6117441191454418e-05,4.300056389183737e-05
2009-11-01,0.00498137,0.008276226,7.082684994053068e-10,1.1834638824481658e-09,0.001724841888062656,0.0029157353565096855,-2.793921703414526e-05,1.3036034033575561e-05
2009-12-01,0.0038514768,0.00846232,5.365856092787169e-10,9.001067668990004e-10,0.0017126986058428884,0.004625525791198015,-1.223668732563965e-05,-1.5680336218792945e-05
2010-01-01,0.0032384554,0.008529644,5.89953752516692e-10,4.6257436769892024e-10,0.0009050527005456388,0.0050644706934690475,4.962812909070635e-06,8.408424764638767e-05
2010-02-01,0.0031367978,0.008629505,2.836176016263181e-10,7.254630784991889e-10,0.0017687559593468904,0.004461684264242649,2.585785841802135e-05,4.086874832864851e-05
2010-03-01,0.0029775188,0.0081128115,2.886221539544209e-10,2.848054569959402e-10,0.002745181554928422,0.005513166543096304,4.8983307351591066e-05,9.305475396104157e-05
2010-04-01,0.003090863,0.008050403,3.9851388855538517e-10,8.050800026637717e-10,0.0030503575690090656,0.005749034695327282,0.0001549930893816054,0.00018632346473168582
2010-05-01,0.0034432197,0.00790903,2.357461448276865e-10,5.509357969835094e-10,0.0032778619788587093,0.005571077112108469,6.393661169568077e-05,0.00026176098617725074
2010-06-01,0.0040655537,0.0074935034,5.120153190318888e-10,5.632614374917466e-10,0.0029635236132889986,0.006293279118835926,9.442452574148774e-05,0.00025484958314336836
2010-07-01,0.0047388976,0.0076715616,8.714750032723373e-10,-1.5925051555232272e-10,0.00377037120051682,0.006678994279354811,2.493271676939912e-05,0.00018583926430437714
2010-08-01,0.0051171393,0.0077533075,9.321481364565898e-10,3.9070871538093854e-10,0.0028133979067206383,0.005636049434542656,0.0001534999901195988,0.0001269225322175771
2010-09-01,0.005493718,0.008214851,1.149572659286946e-09,-1.3150884548007724e-10,0.0025932826101779938,0.005611819215118885,2.331956784473732e-05,7.129260484362021e-05
2010-10-01,0.005313787,0.008050882,7.262940249219696e-10,6.721563305944755e-10,0.00381681090220809,0.004908547271043062,8.719723155081738e-06,0.00013254789519123733
2010-11-01,0.0046886415,0.008615248,6.546261865914005e-10,8.267472817458099e-10,0.003919663839042187,0.004474926274269819,-2.8937838578713126e-05,6.690110603813082e-05
2010-12-01,0.003679532,0.008323773,5.255481605459522e-10,3.095818046361387e-10,0.0017252283869311213,0.004074394702911377,4.106279811821878e-05,6.165698869153857e-05
2011-01-01,0.0032884001,0.008978179,8.053152034115385e-10,1.282890460529984e-09,0.0010078171035274863,0.004267989192157984,1.1614396498771384e-05,0.0001940926449606195
2011-02-01,0.0034012077,0.009504886,6.213407011124161e-10,1.0052301213647752e-09,0.003256826661527157,0.003984404262155294,0.00010286423639627174,0.00017704283527564257
2011-03-01,0.003409526,0.009771243,5.116769785651343e-10,1.1469630800675645e-09,0.0020014368928968906,0.0047040292993187904,9.524074266664684e-05,0.00027280632639303803
2011-04-01,0.0036286796,0.009277249,4.915340912070576e-10,4.4101872154200805e-10,0.0021305307745933533,0.003877469804137945,0.00013052164285909384,0.00016112234152387828
2011-05-01,0.0038132917,0.008856688,3.8991201933846753e-10,1.8293003778424577e-09,0.0027584508061408997,0.00508543336763978,0.00017598114209249616,0.00024956290144473314
2011-06-01,0.004408625,0.008904614,7.645238886411221e-10,1.0647416281983624e-09,0.001325166434980929,0.003480776445940137,7.852839189581573e-05,0.00010652119817677885
2011-07-01,0.004664929,0.009106834,3.073623855431862e-10,1.2179006692036864e-09,0.0010615835199132562,0.004377798177301884,6.382686842698604e-05,2.2924090444575995e-05
2011-08-01,0.0053523513,0.008482024,5.432946315053755e-10,8.353663871751849e-10,0.0015696369810029864,0.005119306966662407,-9.137523011304438e-05,7.521640509366989e-05
2011-09-01,0.0053350707,0.008224056,6.650831968491033e-11,6.217659165308476e-10,0.0011035761563107371,0.0046749478206038475,-9.444647730560973e-05,-1.6973608580883592e-05
2011-10-01,0.0055413186,0.008317606,8.955919339470597e-10,5.5963045308971e-10,0.004020601511001587,0.0044330814853310585,-2.853549267456401e-05,6.400539132300764e-05
2011-11-01,0.004854924,0.00853803,8.175572996371727e-10,5.36181654631207e-10,0.001396429492160678,0.0054314760491251945,-0.00011062242992920801,-8.798779163043946e-06
2011-12-01,0.003737585,0.008504907,3.0394775585307343e-10,5.141359005200741e-10,0.0032887007109820843,0.0053005702793598175,-2.653093179105781e-05,6.139411561889574e-05
2012-01-01,0.0034407822,0.0079472605,3.6833505689948254e-10,7.687820935409206e-10,0.0024302208330482244,0.005546141881495714,-8.86560883373022e-06,7.46612495277077e-05
2012-02-01,0.003002945,0.008184563,3.196142794870127e-10,3.608596754745008e-10,0.0024640425108373165,0.003762623993679881,9.14265365281608e-06,4.785340934176929e-05
2012-03-01,0.0029486606,0.007708737,4.444999368580227e-10,4.5741022081102756e-10,0.0027578340377658606,0.005163442809134722,-1.1996439752692822e-06,0.0002108409535139799
2012-04-01,0.0030446642,0.007476969,2.996286552203742e-10,1.168889651737004e-09,0.00284202815964818,0.00528102507814765,5.7447916333330795e-05,0.00029963412089273334
2012-05-01,0.003600416,0.00811536,2.5160762362475e-10,1.4275087778514717e-09,0.001896458212286234,0.0050297207199037075,3.8563452108064666e-05,0.00016516893811058253
2012-06-01,0.004158879,0.008159204,5.526374913245036e-10,1.0686460605313641e-09,0.0022095446474850178,0.0039735776372253895,0.00011820396321127191,7.641543925274163e-05
2012-07-01,0.0044487906,0.007869718,6.039194699880568e-10,5.657037616124683e-10,0.0032527404837310314,0.0053719389252364635,0.00020432716701179743,5.155969483894296e-05
2012-08-01,0.0048217745,0.0076749586,1.1655250549413854e-11,6.260762464016523e-10,0.0029394589364528656,0.005659167654812336,9.019926801556721e-05,0.0001435388985555619
2012-09-01,0.005614734,0.007781045,2.9843075233237926e-10,9.486299523686625e-10,0.0022464573848992586,0.005234318785369396,7.096260378602892e-05,9.124119969783351e-05
2012-10-01,0.005401685,0.007856107,4.4303363755382463e-10,6.8879962844548e-10,0.002556494902819395,0.005644075572490692,6.134112481959164e-05,-5.279999186313944e-06
2012-11-01,0.00477556,0.008130627,3.9897155024171127e-10,5.367957189861272e-10,0.0013738120906054974,0.005182262044399977,-6.036619652149966e-06,1.2443501873349305e-05
2012-12-01,0.0038585109,0.0074524963,3.66790153805141e-10,1.773876878718994e-10,0.0009802250424399972,0.005131792742758989,2.1482044758158736e-05,6.372047209879383e-05
2013-01-01,0.0034735403,0.008210455,1.8694734649216116e-10,9.373464227024897e-10,0.0013466194504871964,0.0055652037262916565,1.2436326869647019e-05,8.681435429025441e-05
2013-02-01,0.0033483584,0.008465294,4.3560946516585375e-10,6.758162918174548e-10,0.0034539499320089817,0.00527374679222703,2.6806046662386507e-05,0.00019186978170182556
2013-03-01,0.0029728324,0.008234442,3.986626029295337e-10,5.298126382058399e-10,0.003268052823841572,0.005390149541199207,0.00014307591482065618,0.00026173755759373307
2013-04-01,0.0035606425,0.008798884,6.085974502134661e-10,9.05319874622279e-10,0.003129506018012762,0.004983910825103521,0.00015528296353295445,0.00018363754497841
2013-05-01,0.0038992963,0.0090637375,3.948004978493458e-10,1.1450924652933736e-09,0.002096645999699831,0.004749604035168886,9.487281204201281e-05,0.0002454540808685124
2013-06-01,0.004585312,0.008484919,9.299795378225895e-10,1.4639650602887855e-10,0.001854432630352676,0.0044456287287175655,0.0001794720155885443,2.797739944071509e-05
2013-07-01,0.005207155,0.007902469,5.489453336338102e-10,5.242857814558022e-10,0.002486350480467081,0.00533304363489151,0.0002157151757273823,0.0001636852539377287
2013-08-01,0.0056065773,0.008032725,1.1648269016006907e-09,9.081578267178259e-10,0.0012689705472439528,0.003945657517760992,2.64020127360709e-05,2.6466495910426602e-05
2013-09-01,0.005426233,0.007932691,8.35871705184843e-10,7.857453021564709e-10,0.0018724873661994934,0.004926414228975773,1.7621332517592236e-05,8.718731260159984e-05
2013-10-01,0.0055497875,0.008597758,4.240663098453723e-10,3.7863570612195474e-10,0.0025811719242483377,0.0053984979167580605,-1.3621607877212227e-06,7.868130342103541e-05
2013-11-01,0.005067842,0.008576873,6.587213552400328e-10,4.921704155336215e-10,0.003490603528916836,0.004659795667976141,4.7385419748025015e-05,3.787709283642471e-05
2013-12-01,0.0038719454,0.008461212,4.4840278712321435e-10,3.9668679452375954e-10,0.0012634043814614415,0.004685495514422655,-3.326877413201146e-05,1.1290678230579942e-05
2014-01-01,0.0033915169,0.0090174265,3.216940325234674e-10,1.7561004039823302e-10,0.0011107930913567543,0.004870625678449869,5.0100286898668855e-05,7.874493167037144e-05
2014-02-01,0.0033819329,0.009266953,4.637842332400055e-10,6.044165168361815e-10,0.0022671364713460207,0.0049692788161337376,-1.8741963003776618e-06,0.00014792256115470082
2014-03-01,0.0033481258,0.008693047,7.267646484621082e-10,3.497440392852269e-10,0.0031227481085807085,0.004793845117092133,0.00011641957826213911,0.00010972843301715329
2014-04-01,0.0038780542,0.008988389,2.5270935344323675e-10,5.259414015412744e-10,0.00293115247040987,0.004723543766885996,0.00029094936326146126,4.9504869821248576e-05
2014-05-01,0.0041765496,0.008793006,4.299736955371003e-10,2.039752394766836e-10,0.002002617111429572,0.00391717255115509,0.0002164278703276068,0.00010649379692040384
2014-06-01,0.004876453,0.008264784,8.624816416613612e-10,9.40669875326705e-10,0.0018470878712832928,0.005641534458845854,0.00011961369455093518,0.00012663796951528639
2014-07-01,0.00552088,0.008040863,1.1343741501690374e-09,1.1624180507041615e-09,0.0016797506250441074,0.0054436358623206615,7.493307930417359e-05,8.960692503023893e-05
2014-08-01,0.0060308008,0.008083799,1.3355611061527384e-09,4.226356487002647e-10,0.0024344788398593664,0.0051898835226893425,0.00018327502766624093,5.332535147317685e-05
2014-09-01,0.005881589,0.008730286,4.682889076512708e-10,9.727325889219429e-11,0.0017181544099003077,0.005834445357322693,-0.0001273908856092021,0.0001832801353884861
2014-10-01,0.0061350344,0.008582737,7.40374150876022e-10,1.4424565986104199e-09,0.003053469117730856,0.0063212476670742035,-0.0002012185286730528,3.556711817509495e-05
2014-11-01,0.0054532858,0.008782254,1.1042265990468536e-09,6.320406420456948e-10,0.002176957204937935,0.005106926430016756,1.5814217476872727e-05,-1.795358730305452e-05
2014-12-01,0.004383381,0.008612957,9.884527640835472e-10,1.1647960374006061e-09,0.002413008129224181,0.005692797712981701,-2.7971842428087257e-05,5.025971768191084e-05
2015-01-01,0.0036527943,0.008910049,7.519284084267497e-10,5.432806982064164e-10,0.0022730613127350807,0.005066415760666132,3.75954041373916e-05,0.00012230656284373254
2015-02-01,0.0034766737,0.009379924,7.19790949066379e-10,4.0935901890470916e-10,0.003730838419869542,0.004596955142915249,0.00017182229203172028,0.00010129273141501471
2015-03-01,0.00333053,0.009266116,3.9419753572467187e-10,5.586432982873646e-10,0.002612733282148838,0.004997747018933296,0.00020295566355343908,0.00010154875053558499
2015-04-01,0.003442898,0.008957212,3.900522682620533e-10,6.436106647633721e-10,0.0031681896653026342,0.005075722001492977,0.00025114158052019775,0.00015017208352219313
2015-05-01,0.004190585,0.008749941,5.539311231927968e-10,-7.11169387268562e-11,0.0013738685520365834,0.00525829941034317,4.303029345464893e-05,0.0001674166414886713
2015-06-01,0.0044999695,0.008619173,3.754840605108001e-10,4.665404729209399e-10,0.002195781096816063,0.005519662518054247,5.063578282715753e-05,0.00025593911414034665
2015-07-01,0.0050407834,0.008649168,8.480159352508565e-10,8.384827276941564e-10,0.00260719726793468,0.005043935030698776,0.00010080931679112837,0.00010070295684272423
2015-08-01,0.005455944,0.00819574,7.672784629875196e-10,4.643780915358775e-10,0.003190035466104746,0.004721525125205517,0.00012331140169408172,3.1040137400850654e-05
2015-09-01,0.0053281244,0.008840914,5.745491304942618e-10,1.0697071006759984e-09,0.003271559253334999,0.0051846979185938835,6.19148850091733e-05,4.765266930917278e-05
2015-10-01,0.005695371,0.009146949,6.404587415964613e-10,6.920444217684008e-10,0.0031635351479053497,0.00692320941016078,4.101912963960785e-06,0.0002607667993288487
2015-11-01,0.0051639383,0.009386026,4.0876582674265194e-10,1.0280289952646626e-09,0.0035361244808882475,0.005052641499787569,8.705750951776281e-05,0.00010876326268771663
2015-12-01,0.0039071185,0.009663251,3.635318435168955e-10,6.880819247712111e-10,0.0015588169917464256,0.004565528128296137,6.515617133118212e-05,2.3432638045051135e-05
2016-01-01,0.003116263,0.009490602,4.895979802133077e-11,9.42737554687767e-10,0.0027924261521548033,0.005415403749793768,-9.729113116918597e-06,0.00017652125097811222
2016-02-01,0.0030999947,0.009037923,4.5345616150882506e-10,7.313532557340352e-10,0.002553899073973298,0.004996310919523239,0.0001312896201852709,9.511515963822603e-05
2016-03-01,0.0030774386,0.0094525395,3.733292008867295e-10,6.174910027745284e-10,0.004419247154146433,0.0055114757269620895,0.00026113400235772133,0.0002486264274921268
2016-04-01,0.0033197582,0.009198017,3.138047044437542e-10,3.7834768651379136e-10,0.002736012451350689,0.0052987332455813885,0.00022366721532307565,0.00020704703638330102
2016-05-01,0.003781583,0.00923847,5.546034187453586e-10,6.977257660523151e-10,0.001864735153503716,0.005173386074602604,0.0001029788691084832,0.00017606743494980037
2016-06-01,0.0042229476,0.009073029,3.2892544243878774e-10,1.0969967156881921e-09,0.0027177101001143456,0.007169490680098534,0.00017434192704968154,0.0002816662017721683
2016-07-01,0.0049773892,0.008929345,3.193208752971799e-10,4.878995540913422e-10,0.0014647652860730886,0.005094434600323439,0.00012023813178529963,0.0001273018424399197
2016-08-01,0.0051842243,0.008523729,4.669411524105271e-10,7.92575671759721e-10,0.001657735207118094,0.0054376935586333275,-4.17088667745702e-05,0.00012643694935832173
2016-09-01,0.005323636,0.008877188,9.347251861413497e-10,8.269752660439167e-10,0.004367000423371792,0.006343662738800049,4.5518063416238874e-05,6.630439747823402e-05
2016-10-01,0.00556235,0.009371017,7.757092190807668e-10,9.98751858993785e-10,0.0019217064836993814,0.004667510744184256,5.487393082148628e-06,-1.907188561744988e-05
2016-11-01,0.004795093,0.009999992,8.219254166164092e-10,1.109125680187617e-09,0.0010925284586846828,0.0054480875842273235,7.375943096121773e-05,6.60863152006641e-05
2016-12-01,0.0036156457,0.009007736,5.332821406689447e-10,5.225678223474972e-10,0.0006571602425538003,0.0053802840411663055,3.069053127546795e-05,-2.4525988919776864e-05
2017-01-01,0.0035332097,0.008928021,3.5034311562931464e-10,1.0625919033557807e-09,0.0007434449507854879,0.004868692252784967,2.897634476539679e-05,7.756140985293314e-05
2017-02-01,0.003638791,0.008814942,4.2392966914661656e-10,4.6397946595888584e-10,0.001764309941790998,0.004926786292344332,2.0767181922565214e-05,9.036326810019091e-05
2017-03-01,0.0032910593,0.008304131,3.556640260082844e-10,6.220810533363874e-10,0.00201458390802145,0.005687426310032606,6.637696787947789e-05,0.0002579077845439315
2017-04-01,0.0034795788,0.008683503,5.97394522738881e-10,7.968694593074588e-10,0.0028341482393443584,0.006057035177946091,0.00015030617942102253,0.0003293866466265172
2017-05-01,0.0039913147,0.008609381,6.828568266392665e-10,9.47588785216169e-10,0.0033356097992509604,0.006229126360267401,0.00022812015959061682,0.00025085575180128217
2017-06-01,0.0043146866,0.008984992,5.094146215967044e-10,1.0802209127191986e-09,0.0023419237695634365,0.005342238582670689,0.0002093639486702159,0.0002152415254386142
2017-07-01,0.0048366734,0.008979976,6.192719670394808e-10,4.346855930759119e-10,0.002445880090817809,0.005143261980265379,0.0002771429717540741,8.410373266087845e-05
2017-08-01,0.0054043634,0.009062068,8.07184763473856e-10,4.009821086281562e-10,0.0029003184754401445,0.004609167110174894,0.00024552695685997605,4.589293894241564e-05
2017-09-01,0.005633442,0.008992572,3.463571929263054e-10,-1.0090645333193926e-11,0.0035157722886651754,0.004706382751464844,0.0003885568294208497,4.5146080083213747e-05
2017-10-01,0.0055511147,0.0092606805,5.544300019089121e-10,1.6930756796540436e-10,0.0021389564499258995,0.005677901674062014,9.183491783915088e-05,2.6208279450656846e-05
2017-11-01,0.004972518,0.009012531,5.854985385411737e-10,7.856683081897131e-10,0.0031952676363289356,0.004456516820937395,1.2499243894126266e-05,8.093189535429701e-05
2017-12-01,0.0038486084,0.008700417,3.604572473836498e-10,8.67397376147494e-10,0.0024874142836779356,0.005683340132236481,9.874036913970485e-05,7.557256321888417e-05
2018-01-01,0.0034383158,0.009071114,2.7833679805411293e-10,8.506468446300985e-11,0.0023804930970072746,0.005172796081751585,3.326351725263521e-05,0.00014411404845304787
2018-02-01,0.003336876,0.009309918,2.967495346672955e-11,8.825438713166989e-10,0.0026372261345386505,0.004401207901537418,0.00010656205995474011,0.0001936989719979465
2018-03-01,0.0032983155,0.009310569,4.72645200755295e-10,6.586133305397368e-10,0.0024538005236536264,0.004523059353232384,5.449322998174466e-05,0.00026281565078534186
2018-04-01,0.00316999,0.008623816,2.3315127606338137e-10,4.865967073719446e-10,0.0018357482040300965,0.0047370996326208115,6.989607209106907e-05,0.00026538106612861156
2018-05-01,0.0035130084,0.008365451,4.828491495523224e-10,3.394062808581566e-10,0.002042258158326149,0.0052243610844016075,8.406223787460476e-05,0.00025681432452984154
2018-06-01,0.004177867,0.008316033,5.092873345269311e-10,5.978173511778095e-10,0.002130333334207535,0.0044814893044531345,4.736895061796531e-05,0.0001758900034474209
2018-07-01,0.004687566,0.008337245,4.341902393178998e-10,1.0989792409432653e-09,0.0019618270453065634,0.005466866306960583,8.786872058408335e-05,0.00020031830354128033
2018-08-01,0.0050514904,0.0078807585,1.193652177100546e-09,7.155975811912185e-10,0.002287906128913164,0.005182103719562292,0.00010906266106758267,0.00010849386308109388
2018-09-01,0.0053706635,0.008420051,5.408292702568929e-10,8.663010309106767e-10,0.00290288170799613,0.0049338191747665405,0.00015903267194516957,6.314145866781473e-05
2018-10-01,0.0054159085,0.0085641695,8.502585302494481e-10,6.864366852710191e-10,0.0033537293784320354,0.00501026026904583,2.1020296117058024e-05,6.721234240103513e-05
2018-11-01,0.0052430886,0.008754022,8.838101916985863e-10,4.673604281357768e-10,0.003330653766170144,0.005415367428213358,0.00019751246145460755,5.299103941069916e-05
2018-12-01,0.004036733,0.008423014,3.959234606831785e-10,6.087056969583671e-10,0.002607748843729496,0.005235165823251009,0.00018535392882768065,4.8596655688015744e-05
2019-01-01,0.0038748072,0.008662924,7.026028647771909e-10,8.90446272272527e-10,0.001881680334918201,0.005269912537187338,0.00015579642786178738,8.802750380709767e-05
2019-02-01,0.0036517798,0.009204561,5.650734324902373e-10,5.615712894702085e-10,0.0017837064806371927,0.005484182853251696,9.157527529168874e-05,0.00013769931683782488
2019-03-01,0.003545458,0.009091266,4.753416549263534e-10,8.467890832974945e-10,0.0032107217703014612,0.005714205093681812,0.00018989936506841332,0.00032973490306176245
2019-04-01,0.0036631795,0.009166714,4.6553305654839505e-10,4.191398894626275e-10,0.0033122787717729807,0.004813552834093571,0.00017589330673217773,0.00025173494941554964
2019-05-01,0.0040217303,0.008848598,4.9679155234017e-10,6.783548167632603e-10,0.002139253541827202,0.005497466307133436,0.00014413549797609448,0.00025214816560037434
2019-06-01,0.004606581,0.009116599,5.556940463335991e-10,1.1391267928928528e-09,0.002293242607265711,0.0057967305183410645,0.00011475027713458985,0.00020202150335535407
2019-07-01,0.0050176466,0.008022364,9.874898676542898e-10,1.760688816965228e-10,0.0014805751852691174,0.005306176375597715,0.00010778033902170137,0.00018347376317251474
2019-08-01,0.005706222,0.0079108095,9.628596808752832e-10,-1.5143797327255015e-10,0.0015320120146498084,0.00611310638487339,-2.0932746338075958e-05,9.92373225017218e-06
2019-09-01,0.006491478,0.008267251,1.4283910720891413e-09,3.1310598558320635e-10,0.0028378234710544348,0.005371378269046545,5.576768671744503e-05,4.896261452813633e-05
2019-10-01,0.006111171,0.008632891,7.160134152250919e-10,1.0342886547221042e-09,0.002368927700445056,0.005315457470715046,9.479008440393955e-05,5.5526055803056806e-05
2019-11-01,0.005470769,0.009021253,5.478313913620525e-10,9.170329495766794e-10,0.0007616631919518113,0.004382204730063677,2.0577956547640497e-06,1.9632801922853105e-05
2019-12-01,0.004052231,0.009250409,3.754280220036321e-10,5.268155356397131e-10,0.0005930521874688566,0.004313284996896982,3.162812572554685e-05,1.1885251296916977e-05
2020-01-01,0.003582375,0.0088102855,3.213690147330084e-10,3.6050884499871927e-10,0.0012208434054628015,0.004524220246821642,3.633295273175463e-05,0.00010583179391687736
2020-02-01,0.0034682292,0.009341431,4.3414025152621605e-10,9.557510338709108e-10,0.00220169173553586,0.0051444401033222675,8.720346522750333e-05,0.00015207711840048432
2020-03-01,0.0035033438,0.009540576,8.692586095371269e-10,2.318483321994691e-10,0.0037689555902034044,0.0053371889516711235,0.00029623383306898177,0.0001944958057720214
2020-04-01,0.0035974185,0.009565518,4.4452755365576024e-10,-1.576660052515777e-10,0.001966696698218584,0.004847811535000801,0.00012595478619914502,0.00016640422109048814
2020-05-01,0.0039341943,0.008682935,6.818492437332679e-10,4.0699327241711103e-10,0.002021991880610585,0.005661967676132917,0.0001813512935768813,0.00022128649288788438
2020-06-01,0.004680054,0.008833351,4.4566095258602445e-10,7.538572543985822e-10,0.002424383768811822,0.005087776575237513,0.00019367755157873034,0.00022057494788896292
2020-07-01,0.0051106084,0.008251027,6.87777057528649e-10,7.572902860353281e-10,0.002002652268856764,0.005382349248975515,6.475549889728427e-05,8.324366353917867e-05
2020-08-01,0.005465488,0.00870598,3.057293307406894e-10,3.0812150053627363e-10,0.0024672462604939938,0.0047284276224672794,0.00026303029153496027,1.7448222934035584e-05
2020-09-01,0.0060121263,0.008075083,6.653847473003793e-10,5.810427694541431e-10,0.0021973091643303633,0.004680441692471504,0.00013258724357001483,1.8558801457402296e-05
2020-10-01,0.0058629047,0.00909473,9.274283008231521e-10,5.168697692070623e-10,0.003477066522464156,0.006170993205159903,7.649705366929993e-05,6.505387864308432e-05
2020-11-01,0.0053893435,0.009271956,3.391538716535081e-10,7.305521187994657e-10,0.0032366325613111258,0.005076522473245859,0.0001231921196449548,5.254833922663238e-06
2020-12-01,0.0040682093,0.009313094,8.3922002680481e-10,1.0891759716358251e-09,0.0027066224720329046,0.004633399657905102,5.587510531768203e-05,5.547590262722224e-05
2021-01-01,0.003570018,0.009179901,4.6375872586601474e-10,7.868805051991501e-10,0.0021935412660241127,0.004946282133460045,2.5714452931424603e-05,9.718196815811098e-05
2021-02-01,0.0035815674,0.009910209,4.4203452009838884e-10,8.496506831434658e-10,0.003751778742298484,0.004875656682997942,0.00015536420687567443,0.00011742708011297509
2021-03-01,0.0035504084,0.009017613,4.844783463298086e-10,1.047587794289484e-09,0.0032365003135055304,0.00452012661844492,0.00016062110080383718,0.00019345319014973938
2021-04-01,0.0038261495,0.008985295,3.440632501128249e-10,2.2126865617533298e-10,0.002640350256115198,0.006225044839084148,0.00017277807637583464,0.0002745096280705184
2021-05-01,0.0042095436,0.008756883,6.094837412540244e-10,8.243369875593487e-10,0.0018747355788946152,0.005119422450661659,0.000171935316757299,0.00024769807350821793
2021-06-01,0.004752272,0.008786248,1.0221651303155e-09,7.729299422720715e-10,0.0024868056643754244,0.005160844884812832,0.0002284309157403186,0.00022745707246940583
2021-07-01,0.0056343284,0.008916679,1.1092836649240212e-09,4.722908730769859e-10,0.001891749445348978,0.0057186949998140335,0.00016844095080159605,0.00017136444512289017
2021-08-01,0.005874045,0.008416552,8.906051451873509e-10,3.876181597917139e-10,0.00206664577126503,0.006591328419744968,0.00013457908062264323,0.00023145739396568388
2021-09-01,0.00620168,0.00871059,7.844657701205904e-10,1.7947042463273277e-10,0.0041663022711873055,0.006133983843028545,-7.456208550138399e-06,0.00026797695318236947
2021-10-01,0.0059093595,0.009059287,7.512540589615924e-10,5.889090326505197e-10,0.003655444597825408,0.005227165296673775,7.454821025021374e-05,0.0002530797210056335
2021-11-01,0.005506432,0.009413252,3.637066203765471e-10,4.693143096368146e-10,0.0036239635664969683,0.004418811295181513,0.00015619899204466492,0.00012403664004523307
2021-12-01,0.004152922,0.008945327,5.078003018077482e-10,2.2643104058417407e-10,0.003525650594383478,0.0047546206042170525,0.0001727400376694277,0.0001731809607008472
2022-01-01,0.003632817,0.008689439,4.216588467276239e-10,8.358736480751361e-10,0.0023950778413563967,0.0050740838050842285,0.00010133656178368255,0.0001340859307674691
2022-02-01,0.0035320662,0.009598071,3.127997028062879e-10,4.087833196941837e-11,0.0024729687720537186,0.004738235380500555,0.00011134935630252585,0.00018760119564831257
2022-03-01,0.0035462966,0.008884992,3.79344722301056e-10,8.230989778645892e-10,0.0032187290489673615,0.0047051007859408855,0.00015014177188277245,0.0002363372186664492
2022-04-01,0.0039730566,0.009495979,5.207191344780426e-10,1.4503749312666514e-09,0.002958616940304637,0.006107990629971027,6.218678754521534e-05,0.0004790207021869719
2022-05-01,0.00427165,0.00936183,3.5164612888216595e-10,7.16990702920306e-11,0.002341160085052252,0.0049895416013896465,2.2627818907494657e-05,0.00035814993316307664
2022-06-01,0.0047450983,0.009382715,5.454343088295843e-10,1.7235805005455518e-09,0.0018657684559002519,0.004159305244684219,4.745113983517513e-05,0.00017079341341741383
2022-07-01,0.0052028503,0.009418487,7.649952893373779e-10,5.247572931743605e-10,0.0025098586920648813,0.005238076206296682,0.0001804092898964882,0.0001269732601940632
2022-08-01,0.005530416,0.009174805,7.140350533063611e-10,1.025577713031911e-11,0.0031251574400812387,0.005255155265331268,0.0001446666574338451,0.00018311412713956088
2022-09-01,0.005892335,0.009352269,3.8595038276412197e-10,1.7776456695539622e-10,0.004231100436300039,0.0055898455902934074,0.00010658371320459992,0.0003181057400070131
2022-10-01,0.005875102,0.009512793,6.094900140141135e-10,1.017907091949155e-09,0.0035045375116169453,0.006044225301593542,8.659834566060454e-05,0.0002528464247006923
2022-11-01,0.0052139033,0.010115352,9.488879681995854e-10,1.545833017146947e-09,0.003705086186528206,0.004993350710719824,0.00014168753114063293,0.00012048674398101866
2022-12-01,0.003951438,0.010394922,3.360091371806817e-10,1.0381563386729908e-09,0.003006548620760441,0.005498494487255812,9.676824993221089e-05,0.00019696413073688745
2023-01-01,0.0034298406,0.010668301,3.746922494496374e-10,1.700748875066438e-09,0.003604747587814927,0.0053565483540296555,0.00017855747137218714,0.00028830242808908224
2023-02-01,0.0036933925,0.011427543,4.567801692445528e-10,5.001532521475838e-10,0.0023463882971554995,0.005436911713331938,0.00011798037303378806,0.00030501195578835905
2023-03-01,0.003377012,0.010276402,6.74284628132682e-10,2.8093816162311214e-10,0.002964750863611698,0.00361249758861959,0.00021813427156303078,0.00017091602785512805
2023-04-01,0.0035633738,0.010116174,2.351236150222036e-10,3.4690181283103527e-10,0.0023474381305277348,0.004481866490095854,0.0002261445188196376,0.0002965764724649489
2023-05-01,0.0037223927,0.009310205,2.8608854174549947e-10,1.0623891766314841e-09,0.0032967880833894014,0.005623395089060068,0.0005335522582754493,0.00029205161263234913
2023-06-01,0.004193221,0.00966888,4.497083816445979e-10,1.2158589690614008e-09,0.0017167249461635947,0.0026015457697212696,0.00014018046204000711,9.302682883571833e-05
2023-07-01,0.0047248746,0.00954308,8.210670476849202e-10,1.208247613071478e-09,0.0016259450931102037,0.005150179378688335,0.0001550082233734429,0.00023581685672979802
2023-08-01,0.005682255,0.009352076,1.1034507751972455e-09,1.284013118052485e-09,0.0019473800202831626,0.005361870396882296,0.00023956369841471314,0.00016113078163471073
2023-09-01,0.006132029,0.009128703,5.745556808101071e-10,6.877541869343418e-10,0.0020084260031580925,0.004994674120098352,0.0001624061114853248,6.123256753198802e-05
2023-10-01,0.0057964185,0.008952202,7.516833822052149e-10,4.774415307551294e-10,0.0037325320299714804,0.00512588769197464,0.0002734458539634943,6.157445022836328e-05
2023-11-01,0.00531321,0.009642965,1.0809879658069121e-09,5.806067848723728e-10,0.0030999912414699793,0.003949704114347696,0.0002913753851316869,4.179542156634852e-05
2023-12-01,0.0043099183,0.009799783,6.823761000696038e-10,6.46576570062507e-10,0.0032705063931643963,0.005609569605439901,0.00024378349189646542,3.2046460546553135e-05
2024-01-01,0.0035720665,0.0094030555,5.383266610259341e-10,3.77275675977895e-11,0.002356454962864518,0.0043930294923484325,0.000191115090274252,5.457559382193722e-05
2024-02-01,0.0036644668,0.009986838,8.028565035012036e-10,4.383877982849782e-10,0.0030015273950994015,0.0050925761461257935,0.00018887098121922463,0.00019471165433060378
2024-03-01,0.0034000373,0.009946147,2.7727664608789837e-10,1.252934644924153e-09,0.002327802823856473,0.004840875044465065,0.0002015798381762579,0.00017959329125005752
2024-04-01,0.003951721,0.00999702,4.793825336690816e-10,1.1141826350424822e-09,0.003712770529091358,0.004901933018118143,0.000335571588948369,0.00026917041395790875
2024-05-01,0.004136773,0.009385017,2.897494744136253e-10,6.213149439382448e-10,0.0031099331099539995,0.005578550975769758,0.0003061039897147566,0.00012641715875361115
2024-06-01,0.0046053613,0.009622393,7.188441508709786e-10,-2.1100210467750458e-10,0.0024823083076626062,0.0040442971512675285,0.00016326611512340605,8.847295976011083e-05
2024-07-01,0.005375438,0.008884733,1.044205610867266e-09,1.3134214826848734e-09,0.0022730936761945486,0.0035695210099220276,0.00015893550880718976,9.742307156557217e-07
2024-08-01,0.005869731,0.008736132,9.338901874045291e-10,4.472298364976979e-10,0.0014676954597234726,0.004868398420512676,7.907977123977616e-05,-1.100738882087171e-05
2024-09-01,0.006113452,0.008855855,1.057856691133452e-09,7.733766405060294e-10,0.0027218505274504423,0.005661895032972097,0.00019556582265067846,9.652513836044818e-05
2024-10-01,0.0059151775,0.009220288,7.743579111263443e-10,1.2167679086516614e-09,0.0028960376512259245,0.005343472119420767,0.00019701621204148978,2.0877070710412227e-05
2024-11-01,0.0054054926,0.009079862,4.939865738684546e-10,2.3311161334582664e-10,0.002991017419844866,0.00551033578813076,6.76316994940862e-05,3.915579873137176e-05
